0,50,3.046619,9.99999323e-06
0,100,3.469976,9.99997293e-06
0,150,3.165684,9.99993909e-06
0,200,3.115544,9.99989172e-06
0,250,2.999231,9.99983081e-06
0,300,2.895562,9.99975637e-06
0,350,2.973436,9.99966839e-06
0,400,2.972070,9.99956688e-06
0,450,3.015679,9.99945184e-06
0,500,3.363428,9.99932326e-06
0,550,2.936336,9.99918115e-06
0,600,3.105850,9.99902550e-06
0,650,2.853806,9.99885632e-06
0,700,3.132508,9.99867362e-06
0,750,2.985253,9.99847738e-06
0,800,2.218632,9.99826761e-06
0,850,3.026541,9.99804431e-06
0,900,2.925627,9.99780748e-06
0,950,2.471697,9.99755712e-06
0,1000,3.203255,9.99729323e-06
0,1050,2.919894,9.99701582e-06
0,1100,2.768470,9.99672488e-06
0,1150,2.879399,9.99642042e-06
0,1200,3.179841,9.99610243e-06
0,1250,2.969943,9.99577092e-06
0,1300,2.857170,9.99542588e-06
0,1350,3.381561,9.99506732e-06
0,1400,3.035329,9.99469525e-06
0,1450,3.166680,9.99430965e-06
0,1500,3.130949,9.99391054e-06
0,1550,3.343041,9.99349791e-06
0,1600,2.859137,9.99307176e-06
0,1650,2.799849,9.99263210e-06
0,1700,2.443074,9.99217893e-06
0,1750,2.811228,9.99171224e-06
0,1800,2.933347,9.99123205e-06
0,1850,2.702611,9.99073834e-06
0,1900,2.594254,9.99023113e-06
0,1950,3.119194,9.98971041e-06
0,2000,2.851486,9.98917619e-06
0,2050,2.871718,9.98862847e-06
0,2100,3.026088,9.98806724e-06
0,2150,2.643880,9.98749252e-06
0,2200,2.709933,9.98690429e-06
0,2250,2.928763,9.98630257e-06
0,2300,2.636544,9.98568736e-06
0,2350,2.981827,9.98505866e-06
0,2400,2.775679,9.98441646e-06
0,2450,2.737515,9.98376078e-06
0,2500,2.907473,9.98309161e-06
0,2550,2.837285,9.98240896e-06
0,2600,3.121899,9.98171282e-06
0,2650,2.794533,9.98100321e-06
0,2700,2.530980,9.98028011e-06
0,2750,3.020047,9.97954354e-06
0,2800,2.764365,9.97879350e-06
0,2850,3.354173,9.97802998e-06
0,2900,3.005973,9.97725300e-06
0,2950,2.933178,9.97646255e-06
0,3000,2.815603,9.97565863e-06
0,3050,2.898781,9.97484126e-06
0,3100,2.876672,9.97401042e-06
0,3150,2.653829,9.97316613e-06
0,3200,2.788103,9.97230838e-06
0,3250,2.792218,9.97143718e-06
0,3300,2.975289,9.97055253e-06
0,3350,2.763605,9.96965443e-06
0,3400,2.840216,9.96874289e-06
0,3450,3.084483,9.96781791e-06
0,3500,3.022395,9.96687949e-06
0,3550,2.292366,9.96592764e-06
0,3600,2.574959,9.96496235e-06
0,3650,2.806455,9.96398363e-06
0,3700,2.719749,9.96299149e-06
0,3750,2.636256,9.96198592e-06
0,3800,2.547122,9.96096693e-06
0,3850,2.854645,9.95993452e-06
0,3900,2.373340,9.95888870e-06
0,3950,3.191993,9.95782947e-06
0,4000,2.873537,9.95675683e-06
0,4050,2.975292,9.95567078e-06
0,4100,2.983186,9.95457133e-06
0,4150,2.989167,9.95345849e-06
0,4200,2.730425,9.95233224e-06
0,4250,3.175564,9.95119261e-06
0,4300,2.907290,9.95003959e-06
0,4350,3.008971,9.94887318e-06
0,4400,2.642439,9.94769339e-06
0,4450,2.335189,9.94650023e-06
0,4500,2.754202,9.94529369e-06
0,4550,2.483336,9.94407377e-06
0,4600,2.258368,9.94284050e-06
0,4650,2.936128,9.94159385e-06
0,4700,3.037470,9.94033385e-06
0,4750,2.917006,9.93906050e-06
0,4800,3.040395,9.93777379e-06
0,4850,2.561028,9.93647373e-06
0,4900,2.575587,9.93516033e-06
0,4950,3.067103,9.93383359e-06
0,5000,2.864945,9.93249351e-06
0,5050,2.680490,9.93114010e-06
0,5100,3.331404,9.92977336e-06
0,5150,2.557051,9.92839330e-06
0,5200,3.264585,9.92699992e-06
0,5250,2.533840,9.92559323e-06
0,5300,2.554820,9.92417322e-06
0,5350,2.834950,9.92273990e-06
0,5400,3.005829,9.92129328e-06
0,5450,2.872441,9.91983337e-06
0,5500,3.388448,9.91836016e-06
0,5550,2.565828,9.91687366e-06
0,5600,2.683407,9.91537387e-06
0,5650,3.030839,9.91386081e-06
0,5700,2.820294,9.91233446e-06
0,5750,2.790623,9.91079485e-06
0,5800,3.026877,9.90924197e-06
0,5850,2.992544,9.90767583e-06
0,5900,2.651340,9.90609643e-06
0,5950,3.011370,9.90450377e-06
0,6000,3.040953,9.90289787e-06
0,6050,3.015663,9.90127873e-06
0,6100,2.761317,9.89964635e-06
0,6150,2.617504,9.89800073e-06
0,6200,3.298967,9.89634189e-06
0,6250,2.669805,9.89466982e-06
0,6300,2.759440,9.89298453e-06
0,6350,2.625582,9.89128603e-06
0,6400,2.552850,9.88957433e-06
0,6450,2.753197,9.88784942e-06
0,6500,2.786305,9.88611131e-06
0,6550,2.499873,9.88436001e-06
0,6600,2.899793,9.88259552e-06
0,6650,2.809234,9.88081785e-06
0,6700,2.591566,9.87902700e-06
0,6750,2.863086,9.87722298e-06
0,6800,2.971539,9.87540580e-06
0,6850,2.973857,9.87357546e-06
0,6900,2.507795,9.87173196e-06
0,6950,2.330732,9.86987531e-06
0,7000,2.255217,9.86800551e-06
0,7050,2.905383,9.86612258e-06
0,7100,2.777780,9.86422652e-06
0,7150,2.241793,9.86231733e-06
0,7200,2.713397,9.86039502e-06
0,7250,2.941077,9.85845959e-06
0,7300,2.987901,9.85651106e-06
0,7350,2.993152,9.85454942e-06
0,7400,3.039603,9.85257468e-06
0,7450,2.729137,9.85058685e-06
0,7500,2.632536,9.84858594e-06
0,7550,2.535165,9.84657194e-06
0,7600,3.059892,9.84454487e-06
0,7650,2.771804,9.84250474e-06
0,7700,3.399450,9.84045154e-06
0,7750,2.423250,9.83838529e-06
0,7800,2.425874,9.83630599e-06
0,7850,2.788021,9.83421364e-06
0,7900,2.615602,9.83210826e-06
0,7950,2.902713,9.82998985e-06
0,8000,2.419118,9.82785841e-06
0,8050,3.058971,9.82571396e-06
0,8100,2.350612,9.82355650e-06
0,8150,2.661336,9.82138603e-06
0,8200,2.577745,9.81920256e-06
0,8250,2.488660,9.81700611e-06
0,8300,2.985764,9.81479666e-06
0,8350,2.781506,9.81257424e-06
0,8400,2.843731,9.81033885e-06
0,8450,2.836158,9.80809050e-06
0,8500,2.854681,9.80582918e-06
0,8550,2.556410,9.80355492e-06
0,8600,2.993373,9.80126771e-06
0,8650,2.664785,9.79896756e-06
0,8700,2.496700,9.79665448e-06
0,8750,2.805005,9.79432848e-06
0,8800,2.611018,9.79198956e-06
0,8850,2.498043,9.78963774e-06
0,8900,2.736750,9.78727301e-06
0,8950,2.869054,9.78489538e-06
0,9000,2.933019,9.78250487e-06
0,9050,2.928705,9.78010147e-06
0,9100,2.868228,9.77768520e-06
0,9150,3.108064,9.77525607e-06
0,9200,2.879391,9.77281408e-06
0,9250,2.617764,9.77035923e-06
0,9300,2.804938,9.76789154e-06
0,9350,2.628256,9.76541101e-06
0,9400,2.873364,9.76291766e-06
0,9450,2.730104,9.76041148e-06
0,9500,2.657313,9.75789248e-06
0,9550,2.622649,9.75536068e-06
0,9600,2.724325,9.75281608e-06
0,9650,3.032008,9.75025869e-06
0,9700,2.441105,9.74768852e-06
0,9750,2.632413,9.74510557e-06
0,9800,3.111799,9.74250985e-06
0,9850,2.558153,9.73990136e-06
0,9900,2.697762,9.73728013e-06
0,9950,3.151517,9.73464615e-06
0,10000,2.478697,9.73199944e-06
0,10050,2.680558,9.72933999e-06
0,10100,2.815815,9.72666782e-06
0,10150,2.574198,9.72398295e-06
0,10200,2.601253,9.72128536e-06
0,10250,2.836121,9.71857508e-06
0,10300,2.531259,9.71585211e-06
0,10350,2.740051,9.71311646e-06
0,10400,2.298452,9.71036814e-06
0,10450,2.145497,9.70760715e-06
0,10500,2.858198,9.70483351e-06
0,10550,2.904747,9.70204722e-06
0,10600,2.308676,9.69924829e-06
0,10650,3.030896,9.69643673e-06
0,10700,2.528831,9.69361255e-06
0,10750,3.162331,9.69077576e-06
0,10800,2.318501,9.68792636e-06
0,10850,2.664982,9.68506436e-06
0,10900,2.691116,9.68218978e-06
0,10950,2.894331,9.67930261e-06
0,11000,2.731897,9.67640288e-06
0,11050,2.886193,9.67349058e-06
0,11100,2.655641,9.67056573e-06
0,11150,2.596321,9.66762834e-06
0,11200,2.760896,9.66467841e-06
0,11250,2.398236,9.66171595e-06
0,11300,2.770571,9.65874098e-06
0,11350,3.043333,9.65575350e-06
0,11400,3.032710,9.65275352e-06
0,11450,2.281320,9.64974104e-06
0,11500,2.699445,9.64671609e-06
0,11550,3.247155,9.64367866e-06
0,11600,2.966939,9.64062877e-06
0,11650,2.929916,9.63756643e-06
0,11700,2.585563,9.63449164e-06
0,11750,2.379472,9.63140441e-06
0,11800,2.644129,9.62830476e-06
0,11850,3.019570,9.62519269e-06
0,11900,2.748140,9.62206822e-06
0,11950,2.641281,9.61893134e-06
0,12000,3.040098,9.61578208e-06
0,12050,2.659463,9.61262043e-06
0,12100,2.652999,9.60944642e-06
0,12150,2.785461,9.60626004e-06
0,12200,2.661702,9.60306132e-06
0,12250,2.674406,9.59985025e-06
0,12300,2.391292,9.59662685e-06
0,12350,2.588056,9.59339113e-06
0,12400,2.395603,9.59014310e-06
0,12450,2.613858,9.58688277e-06
0,12500,2.402457,9.58361014e-06
0,12550,2.907852,9.58032523e-06
0,12600,2.668201,9.57702805e-06
0,12650,2.661813,9.57371860e-06
0,12700,2.582027,9.57039690e-06
0,12750,2.790488,9.56706296e-06
0,12800,2.837416,9.56371679e-06
0,12850,2.728959,9.56035839e-06
0,12900,1.732207,9.55698778e-06
0,12950,2.396080,9.55360497e-06
0,13000,2.848785,9.55020996e-06
0,13050,2.568566,9.54680277e-06
0,13100,2.877422,9.54338341e-06
0,13150,2.652316,9.53995189e-06
0,13200,3.007729,9.53650822e-06
0,13250,2.623661,9.53305240e-06
0,13300,2.733987,9.52958446e-06
0,13350,2.790233,9.52610439e-06
0,13400,2.319539,9.52261222e-06
0,13450,2.439948,9.51910794e-06
0,13500,2.437984,9.51559158e-06
0,13550,2.776077,9.51206314e-06
0,13600,2.846132,9.50852263e-06
0,13650,2.568681,9.50497006e-06
0,13700,2.597601,9.50140545e-06
0,13750,2.944433,9.49782880e-06
0,13800,2.177558,9.49424013e-06
0,13850,2.881029,9.49063944e-06
0,13900,2.490752,9.48702675e-06
0,13950,2.836923,9.48340207e-06
0,14000,2.536877,9.47976541e-06
0,14050,2.801069,9.47611678e-06
0,14100,3.344666,9.47245618e-06
0,14150,2.669209,9.46878364e-06
0,14200,2.947933,9.46509916e-06
0,14250,2.739127,9.46140276e-06
0,14300,2.680400,9.45769444e-06
0,14350,2.624385,9.45397421e-06
0,14400,2.737339,9.45024210e-06
0,14450,2.686191,9.44649810e-06
0,14500,2.393785,9.44274223e-06
0,14550,2.953453,9.43897450e-06
0,14600,3.085903,9.43519493e-06
0,14650,2.456822,9.43140351e-06
0,14700,2.194979,9.42760028e-06
0,14750,3.026805,9.42378523e-06
0,14800,2.679720,9.41995837e-06
0,14850,1.941598,9.41611973e-06
0,14900,2.555883,9.41226931e-06
0,14950,3.124924,9.40840712e-06
0,15000,2.520801,9.40453317e-06
0,15050,2.329690,9.40064748e-06
0,15100,2.807787,9.39675006e-06
0,15150,2.703805,9.39284092e-06
0,15200,2.841787,9.38892007e-06
0,15250,3.097740,9.38498752e-06
0,15300,2.631967,9.38104328e-06
0,15350,2.477139,9.37708738e-06
0,15400,2.959500,9.37311981e-06
0,15450,2.640774,9.36914059e-06
0,15500,2.902061,9.36514973e-06
0,15550,2.656097,9.36114725e-06
0,15600,2.724545,9.35713315e-06
0,15650,2.796673,9.35310746e-06
0,15700,2.654274,9.34907017e-06
0,15750,2.933378,9.34502131e-06
0,15800,2.616336,9.34096088e-06
0,15850,2.504039,9.33688890e-06
0,15900,3.058803,9.33280537e-06
0,15950,2.865600,9.32871032e-06
0,16000,2.779866,9.32460375e-06
0,16050,2.281397,9.32048568e-06
0,16100,2.581392,9.31635612e-06
0,16150,2.742006,9.31221508e-06
0,16200,2.367623,9.30806257e-06
0,16250,2.959845,9.30389861e-06
0,16300,2.636163,9.29972321e-06
0,16350,2.885842,9.29553638e-06
0,16400,2.828495,9.29133813e-06
0,16450,2.686581,9.28712847e-06
0,16500,3.134851,9.28290743e-06
0,16550,2.464067,9.27867501e-06
0,16600,2.624847,9.27443122e-06
0,16650,2.878114,9.27017608e-06
0,16700,2.499702,9.26590961e-06
0,16750,2.777518,9.26163180e-06
0,16800,2.816656,9.25734268e-06
0,16850,2.661100,9.25304225e-06
0,16900,2.350100,9.24873054e-06
0,16950,2.778647,9.24440756e-06
0,17000,2.133594,9.24007331e-06
0,17050,2.263332,9.23572781e-06
0,17100,2.568388,9.23137108e-06
0,17150,3.007722,9.22700312e-06
0,17200,2.745962,9.22262395e-06
0,17250,2.417138,9.21823358e-06
0,17300,2.539254,9.21383203e-06
0,17350,3.005551,9.20941932e-06
0,17400,2.185492,9.20499544e-06
0,17450,2.961089,9.20056042e-06
0,17500,2.979535,9.19611427e-06
0,17550,3.163493,9.19165700e-06
0,17600,2.591587,9.18718863e-06
0,17650,2.918406,9.18270916e-06
0,17700,2.730900,9.17821862e-06
0,17750,3.235180,9.17371702e-06
0,17800,2.875260,9.16920437e-06
0,17850,2.875266,9.16468068e-06
0,17900,3.246144,9.16014596e-06
0,17950,2.780363,9.15560024e-06
0,18000,2.883714,9.15104353e-06
0,18050,2.572789,9.14647583e-06
0,18100,3.291579,9.14189716e-06
0,18150,2.226865,9.13730754e-06
0,18200,2.542726,9.13270698e-06
0,18250,2.496603,9.12809549e-06
0,18300,2.778928,9.12347309e-06
0,18350,2.331351,9.11883980e-06
0,18400,2.549090,9.11419561e-06
0,18450,2.573114,9.10954056e-06
0,18500,2.846449,9.10487465e-06
0,18550,2.772398,9.10019789e-06
0,18600,2.770439,9.09551031e-06
0,18650,2.871694,9.09081191e-06
0,18700,2.475606,9.08610272e-06
0,18750,2.640330,9.08138273e-06
0,18800,2.244476,9.07665198e-06
0,18850,3.019522,9.07191046e-06
0,18900,2.794421,9.06715820e-06
0,18950,2.961538,9.06239522e-06
0,19000,2.920963,9.05762151e-06
0,19050,2.843828,9.05283711e-06
0,19100,2.420619,9.04804202e-06
0,19150,2.591512,9.04323626e-06
0,19200,2.739683,9.03841984e-06
0,19250,2.375786,9.03359278e-06
0,19300,2.337602,9.02875509e-06
0,19350,2.400846,9.02390679e-06
0,19400,2.568915,9.01904788e-06
0,19450,2.464654,9.01417840e-06
0,19500,2.599517,9.00929834e-06
0,19550,2.614592,9.00440773e-06
0,19600,2.870939,8.99950657e-06
0,19650,2.789966,8.99459489e-06
0,19700,2.314347,8.98967270e-06
0,19750,2.755154,8.98474001e-06
0,19800,1.817122,8.97979685e-06
0,19850,3.075792,8.97484321e-06
0,19900,2.987841,8.96987912e-06
0,19950,2.842557,8.96490460e-06
0,20000,2.617337,8.95991966e-06
0,20050,2.527054,8.95492430e-06
0,20100,2.589110,8.94991856e-06
0,20150,2.453102,8.94490244e-06
0,20200,2.409106,8.93987596e-06
0,20250,3.133359,8.93483913e-06
0,20300,2.713869,8.92979197e-06
0,20350,2.734256,8.92473449e-06
0,20400,2.712589,8.91966671e-06
0,20450,2.771038,8.91458865e-06
0,20500,2.557132,8.90950032e-06
0,20550,2.737192,8.90440173e-06
0,20600,2.580677,8.89929290e-06
0,20650,2.179982,8.89417385e-06
0,20700,2.880559,8.88904458e-06
0,20750,2.416083,8.88390513e-06
0,20800,2.446457,8.87875550e-06
0,20850,2.781713,8.87359570e-06
0,20900,2.495245,8.86842575e-06
0,20950,2.598696,8.86324568e-06
0,21000,2.773545,8.85805549e-06
0,21050,2.452649,8.85285520e-06
0,21100,3.075636,8.84764482e-06
0,21150,3.218134,8.84242437e-06
0,21200,2.903923,8.83719387e-06
0,21250,2.875339,8.83195334e-06
0,21300,2.593292,8.82670278e-06
0,21350,2.586839,8.82144221e-06
0,21400,2.587782,8.81617166e-06
0,21450,2.244028,8.81089113e-06
0,21500,2.637024,8.80560064e-06
0,21550,2.847701,8.80030021e-06
0,21600,2.330755,8.79498985e-06
0,21650,2.482661,8.78966959e-06
0,21700,2.738996,8.78433942e-06
0,21750,2.807893,8.77899938e-06
0,21800,2.954810,8.77364948e-06
0,21850,2.957053,8.76828973e-06
0,21900,2.837031,8.76292014e-06
0,21950,2.451098,8.75754075e-06
0,22000,2.970171,8.75215156e-06
0,22050,2.922938,8.74675258e-06
0,22100,2.757752,8.74134384e-06
0,22150,2.782028,8.73592535e-06
0,22200,2.699258,8.73049712e-06
0,22250,2.471433,8.72505918e-06
0,22300,2.656687,8.71961154e-06
0,22350,2.946009,8.71415422e-06
0,22400,2.746341,8.70868723e-06
0,22450,2.732261,8.70321058e-06
0,22500,2.640759,8.69772430e-06
0,22550,2.901551,8.69222841e-06
0,22600,2.375637,8.68672291e-06
0,22650,2.436751,8.68120783e-06
0,22700,2.599757,8.67568318e-06
0,22750,2.685556,8.67014897e-06
0,22800,2.655473,8.66460523e-06
0,22850,3.109841,8.65905198e-06
0,22900,3.133734,8.65348922e-06
0,22950,2.979750,8.64791697e-06
0,23000,2.655703,8.64233526e-06
0,23050,2.637132,8.63674410e-06
0,23100,2.765955,8.63114350e-06
0,23150,2.602031,8.62553348e-06
0,23200,2.450512,8.61991406e-06
0,23250,2.885750,8.61428526e-06
0,23300,1.545525,8.60864709e-06
0,23350,2.528876,8.60299957e-06
0,23400,2.687857,8.59734272e-06
0,23450,2.776604,8.59167655e-06
0,23500,2.472098,8.58600108e-06
0,23550,2.209515,8.58031633e-06
0,23600,2.530898,8.57462232e-06
0,23650,2.810868,8.56891905e-06
0,23700,2.650900,8.56320656e-06
0,23750,2.609639,8.55748485e-06
0,23800,2.729205,8.55175395e-06
0,23850,2.793350,8.54601386e-06
0,23900,2.752552,8.54026462e-06
0,23950,2.611271,8.53450623e-06
0,24000,2.276898,8.52873871e-06
0,24050,2.594825,8.52296209e-06
0,24100,2.867343,8.51717637e-06
0,24150,2.692827,8.51138157e-06
0,24200,2.549987,8.50557772e-06
0,24250,2.551002,8.49976483e-06
0,24300,3.079153,8.49394291e-06
0,24350,2.525695,8.48811199e-06
0,24400,2.670290,8.48227209e-06
0,24450,2.826565,8.47642321e-06
0,24500,1.892334,8.47056538e-06
0,24550,3.094347,8.46469861e-06
0,24600,2.542037,8.45882293e-06
0,24650,2.478227,8.45293835e-06
0,24700,2.499510,8.44704488e-06
0,24750,2.807729,8.44114255e-06
0,24800,2.568326,8.43523138e-06
0,24850,2.869169,8.42931137e-06
0,24900,2.288044,8.42338256e-06
0,24950,2.258178,8.41744495e-06
0,25000,2.760405,8.41149857e-06
0,25050,2.965445,8.40554343e-06
0,25100,2.811252,8.39957955e-06
0,25150,2.768724,8.39360695e-06
0,25200,2.400189,8.38762565e-06
0,25250,2.367935,8.38163566e-06
0,25300,2.249349,8.37563700e-06
0,25350,2.614453,8.36962969e-06
0,25400,2.525843,8.36361376e-06
0,25450,2.866054,8.35758921e-06
0,25500,2.670400,8.35155606e-06
0,25550,2.393371,8.34551434e-06
0,25600,3.214288,8.33946406e-06
0,25650,2.969835,8.33340523e-06
0,25700,2.726743,8.32733789e-06
0,25750,2.439048,8.32126204e-06
0,25800,2.193798,8.31517770e-06
0,25850,3.169640,8.30908490e-06
0,25900,2.657882,8.30298365e-06
0,25950,2.561993,8.29687397e-06
0,26000,2.483586,8.29075587e-06
0,26050,2.703997,8.28462938e-06
0,26100,2.153579,8.27849452e-06
0,26150,2.600031,8.27235130e-06
0,26200,2.624333,8.26619974e-06
0,26250,3.458112,8.26003986e-06
0,26300,2.970344,8.25387168e-06
0,26350,2.572102,8.24769521e-06
0,26400,3.009699,8.24151048e-06
0,26450,2.962992,8.23531750e-06
0,26500,2.787377,8.22911630e-06
0,26550,1.952615,8.22290689e-06
0,26600,2.798213,8.21668929e-06
0,26650,2.909076,8.21046351e-06
0,26700,2.474657,8.20422959e-06
0,26750,2.493266,8.19798753e-06
0,26800,2.730806,8.19173735e-06
0,26850,2.661967,8.18547908e-06
0,26900,2.693377,8.17921273e-06
0,26950,2.865230,8.17293832e-06
0,27000,2.610811,8.16665588e-06
0,27050,2.346712,8.16036541e-06
0,27100,2.705290,8.15406694e-06
0,27150,2.865599,8.14776049e-06
0,27200,3.179456,8.14144607e-06
0,27250,2.515595,8.13512371e-06
0,27300,2.696597,8.12879342e-06
0,27350,2.402870,8.12245523e-06
0,27400,2.853280,8.11610914e-06
0,27450,2.588727,8.10975519e-06
0,27500,2.572016,8.10339339e-06
0,27550,3.065252,8.09702376e-06
0,27600,2.793903,8.09064632e-06
0,27650,2.531735,8.08426108e-06
0,27700,2.472918,8.07786808e-06
0,27750,2.655079,8.07146731e-06
0,27800,2.651716,8.06505882e-06
0,27850,2.874922,8.05864261e-06
0,27900,2.912057,8.05221870e-06
0,27950,2.596923,8.04578712e-06
0,28000,2.453215,8.03934787e-06
0,28050,2.795023,8.03290099e-06
0,28100,2.813381,8.02644650e-06
0,28150,3.039323,8.01998440e-06
0,28200,2.273710,8.01351472e-06
0,28250,2.643452,8.00703749e-06
0,28300,3.020824,8.00055271e-06
0,28350,2.868797,7.99406041e-06
0,28400,2.791642,7.98756061e-06
0,28450,2.827637,7.98105333e-06
0,28500,2.196857,7.97453858e-06
0,28550,2.407258,7.96801640e-06
0,28600,3.018351,7.96148679e-06
0,28650,2.603917,7.95494977e-06
0,28700,2.791354,7.94840537e-06
0,28750,2.368273,7.94185361e-06
0,28800,2.569297,7.93529450e-06
0,28850,2.762892,7.92872807e-06
0,28900,2.509766,7.92215433e-06
0,28950,2.510467,7.91557331e-06
0,29000,2.345398,7.90898502e-06
0,29050,1.874039,7.90238948e-06
0,29100,2.023710,7.89578672e-06
0,29150,2.582029,7.88917675e-06
0,29200,2.505374,7.88255960e-06
0,29250,2.197350,7.87593528e-06
0,29300,3.021150,7.86930382e-06
0,29350,2.288517,7.86266522e-06
0,29400,2.779037,7.85601952e-06
0,29450,2.726946,7.84936674e-06
0,29500,2.574986,7.84270689e-06
0,29550,2.653275,7.83603999e-06
0,29600,2.900559,7.82936607e-06
0,29650,2.638583,7.82268513e-06
0,29700,2.373834,7.81599722e-06
0,29750,1.742839,7.80930233e-06
0,29800,2.734261,7.80260051e-06
0,29850,2.663012,7.79589175e-06
0,29900,2.653700,7.78917609e-06
0,29950,2.228347,7.78245354e-06
0,30000,2.820044,7.77572413e-06
0,30050,2.868716,7.76898788e-06
0,30100,2.526915,7.76224480e-06
0,30150,2.100382,7.75549491e-06
0,30200,2.444701,7.74873824e-06
0,30250,2.165374,7.74197481e-06
0,30300,2.295533,7.73520463e-06
0,30350,2.797222,7.72842773e-06
0,30400,2.888299,7.72164413e-06
0,30450,2.431213,7.71485384e-06
0,30500,2.484637,7.70805690e-06
0,30550,2.788484,7.70125331e-06
0,30600,2.619966,7.69444310e-06
0,30650,2.610589,7.68762629e-06
0,30700,2.643761,7.68080290e-06
0,30750,2.167638,7.67397295e-06
0,30800,2.575038,7.66713646e-06
0,30850,2.535938,7.66029346e-06
0,30900,2.872741,7.65344395e-06
0,30950,2.490060,7.64658797e-06
0,31000,2.322606,7.63972554e-06
0,31050,2.483852,7.63285666e-06
0,31100,2.601911,7.62598137e-06
0,31150,2.808485,7.61909969e-06
0,31200,2.685829,7.61221163e-06
0,31250,2.549512,7.60531722e-06
0,31300,3.099133,7.59841648e-06
0,31350,2.515438,7.59150942e-06
0,31400,2.161113,7.58459608e-06
0,31450,2.884177,7.57767646e-06
0,31500,2.449391,7.57075060e-06
0,31550,2.915287,7.56381851e-06
0,31600,3.121500,7.55688020e-06
0,31650,3.052183,7.54993572e-06
0,31700,2.881984,7.54298506e-06
0,31750,2.583675,7.53602827e-06
0,31800,2.508720,7.52906534e-06
0,31850,2.341328,7.52209632e-06
0,31900,2.631233,7.51512121e-06
0,31950,2.486916,7.50814004e-06
0,32000,2.770923,7.50115283e-06
0,32050,2.335144,7.49415961e-06
0,32100,2.724375,7.48716038e-06
0,32150,2.901137,7.48015518e-06
0,32200,2.346849,7.47314402e-06
0,32250,2.630401,7.46612692e-06
0,32300,2.906246,7.45910392e-06
0,32350,2.421018,7.45207502e-06
0,32400,2.709539,7.44504024e-06
0,32450,2.474198,7.43799962e-06
0,32500,2.756305,7.43095317e-06
0,32550,2.600119,7.42390091e-06
0,32600,2.874687,7.41684287e-06
0,32650,2.726424,7.40977906e-06
0,32700,2.635256,7.40270950e-06
0,32750,2.596463,7.39563422e-06
0,32800,2.630862,7.38855324e-06
0,32850,2.645741,7.38146658e-06
0,32900,2.682446,7.37437426e-06
0,32950,2.912003,7.36727630e-06
0,33000,2.658765,7.36017273e-06
0,33050,2.214641,7.35306356e-06
0,33100,2.523610,7.34594882e-06
0,33150,2.934142,7.33882852e-06
0,33200,2.936476,7.33170270e-06
0,33250,2.882174,7.32457136e-06
0,33300,2.684498,7.31743454e-06
0,33350,2.345472,7.31029225e-06
0,33400,2.587527,7.30314451e-06
0,33450,2.676658,7.29599135e-06
0,33500,2.860269,7.28883279e-06
0,33550,2.741529,7.28166885e-06
0,33600,2.665941,7.27449955e-06
0,33650,2.124965,7.26732492e-06
0,33700,2.652011,7.26014496e-06
0,33750,2.462638,7.25295972e-06
0,33800,2.730463,7.24576920e-06
0,33850,2.572383,7.23857342e-06
0,33900,2.499362,7.23137242e-06
0,33950,2.982371,7.22416622e-06
0,34000,2.528086,7.21695482e-06
0,34050,2.539322,7.20973827e-06
0,34100,2.461987,7.20251656e-06
0,34150,3.038819,7.19528974e-06
0,34200,2.391572,7.18805782e-06
0,34250,3.155386,7.18082082e-06
0,34300,2.257669,7.17357877e-06
0,34350,2.958672,7.16633168e-06
0,34400,2.242660,7.15907958e-06
0,34450,2.947163,7.15182249e-06
0,34500,2.583217,7.14456044e-06
0,34550,2.689411,7.13729343e-06
0,34600,2.689690,7.13002150e-06
0,34650,2.870904,7.12274467e-06
0,34700,2.878794,7.11546296e-06
0,34750,2.686952,7.10817639e-06
0,34800,2.121816,7.10088498e-06
0,34850,2.469437,7.09358875e-06
0,34900,2.025029,7.08628773e-06
0,34950,2.191758,7.07898195e-06
0,35000,2.984774,7.07167141e-06
0,35050,2.356022,7.06435614e-06
0,35100,2.067594,7.05703617e-06
0,35150,2.591540,7.04971152e-06
0,35200,2.530442,7.04238220e-06
0,35250,2.624886,7.03504825e-06
0,35300,2.577495,7.02770968e-06
0,35350,2.744622,7.02036651e-06
0,35400,2.559153,7.01301877e-06
0,35450,2.587480,7.00566648e-06
0,35500,2.842598,6.99830966e-06
0,35550,2.817708,6.99094834e-06
0,35600,2.482350,6.98358252e-06
0,35650,2.583650,6.97621225e-06
0,35700,2.512105,6.96883754e-06
0,35750,2.032294,6.96145841e-06
0,35800,2.655618,6.95407488e-06
0,35850,2.869627,6.94668698e-06
0,35900,2.427260,6.93929473e-06
0,35950,2.721373,6.93189815e-06
0,36000,2.890370,6.92449726e-06
0,36050,2.357194,6.91709209e-06
0,36100,2.178908,6.90968265e-06
0,36150,2.855036,6.90226898e-06
0,36200,2.501315,6.89485109e-06
0,36250,2.892246,6.88742900e-06
0,36300,2.912781,6.88000274e-06
0,36350,2.670423,6.87257233e-06
0,36400,2.238071,6.86513778e-06
0,36450,2.821822,6.85769914e-06
0,36500,2.515231,6.85025641e-06
0,36550,2.104444,6.84280962e-06
0,36600,2.428270,6.83535879e-06
0,36650,2.680506,6.82790394e-06
0,36700,2.644809,6.82044510e-06
0,36750,2.713233,6.81298229e-06
0,36800,2.880725,6.80551552e-06
0,36850,2.540035,6.79804483e-06
0,36900,2.572150,6.79057024e-06
0,36950,2.528014,6.78309177e-06
0,37000,1.860195,6.77560943e-06
0,37050,2.132673,6.76812326e-06
0,37100,2.577984,6.76063328e-06
0,37150,2.446069,6.75313950e-06
0,37200,2.779173,6.74564195e-06
0,37250,2.446978,6.73814066e-06
0,37300,2.835594,6.73063564e-06
0,37350,2.595070,6.72312693e-06
0,37400,2.339133,6.71561453e-06
0,37450,2.467186,6.70809847e-06
0,37500,2.150282,6.70057879e-06
0,37550,2.265752,6.69305549e-06
0,37600,2.502196,6.68552860e-06
0,37650,3.076265,6.67799815e-06
0,37700,2.367330,6.67046415e-06
0,37750,2.584116,6.66292664e-06
0,37800,2.618248,6.65538562e-06
0,37850,2.169743,6.64784113e-06
0,37900,2.629437,6.64029319e-06
0,37950,2.083346,6.63274182e-06
0,38000,2.805886,6.62518704e-06
0,38050,2.671210,6.61762887e-06
0,38100,2.651982,6.61006735e-06
0,38150,2.626500,6.60250248e-06
0,38200,2.465640,6.59493430e-06
0,38250,2.522049,6.58736283e-06
0,38300,2.491114,6.57978809e-06
0,38350,1.998632,6.57221010e-06
0,38400,2.513086,6.56462888e-06
0,38450,2.498119,6.55704446e-06
0,38500,3.090541,6.54945686e-06
0,38550,2.480933,6.54186611e-06
0,38600,2.087437,6.53427222e-06
0,38650,2.564122,6.52667522e-06
0,38700,2.468542,6.51907513e-06
0,38750,2.753833,6.51147198e-06
0,38800,2.550407,6.50386578e-06
0,38850,2.630713,6.49625657e-06
0,38900,2.470371,6.48864435e-06
0,38950,2.661540,6.48102917e-06
0,39000,2.737934,6.47341103e-06
0,39050,2.577629,6.46578997e-06
0,39100,2.924319,6.45816600e-06
0,39150,2.561099,6.45053915e-06
0,39200,2.611739,6.44290944e-06
0,39250,2.705214,6.43527690e-06
0,39300,2.315612,6.42764154e-06
0,39350,2.685195,6.42000339e-06
0,39400,2.420387,6.41236247e-06
0,39450,2.527403,6.40471881e-06
0,39500,2.462626,6.39707243e-06
0,39550,2.728608,6.38942335e-06
0,39600,2.400056,6.38177159e-06
0,39650,1.633171,6.37411719e-06
0,39700,2.798767,6.36646015e-06
0,39750,2.456924,6.35880051e-06
0,39800,2.429197,6.35113828e-06
0,39850,2.400267,6.34347350e-06
0,39900,2.420190,6.33580617e-06
0,39950,2.713197,6.32813634e-06
0,40000,2.497195,6.32046401e-06
0,40050,2.483180,6.31278921e-06
0,40100,2.481454,6.30511197e-06
0,40150,2.707013,6.29743231e-06
0,40200,2.704288,6.28975025e-06
0,40250,2.610344,6.28206582e-06
0,40300,2.480356,6.27437903e-06
0,40350,2.615257,6.26668991e-06
0,40400,2.797055,6.25899849e-06
0,40450,2.435075,6.25130478e-06
0,40500,2.588518,6.24360881e-06
0,40550,2.710803,6.23591061e-06
0,40600,2.383431,6.22821020e-06
0,40650,2.826190,6.22050759e-06
0,40700,2.637626,6.21280281e-06
0,40750,2.970718,6.20509590e-06
0,40800,2.378484,6.19738686e-06
0,40850,2.285678,6.18967572e-06
0,40900,2.081455,6.18196251e-06
0,40950,2.539402,6.17424725e-06
0,41000,2.720903,6.16652996e-06
0,41050,2.042695,6.15881067e-06
0,41100,2.329966,6.15108939e-06
0,41150,2.667693,6.14336616e-06
0,41200,2.732297,6.13564099e-06
0,41250,2.519306,6.12791390e-06
0,41300,2.810519,6.12018493e-06
0,41350,2.842172,6.11245410e-06
0,41400,2.587428,6.10472142e-06
0,41450,2.911494,6.09698692e-06
0,41500,2.541519,6.08925063e-06
0,41550,2.812175,6.08151257e-06
0,41600,2.522884,6.07377275e-06
0,41650,2.106396,6.06603121e-06
0,41700,2.647866,6.05828797e-06
0,41750,2.757369,6.05054305e-06
0,41800,2.395751,6.04279647e-06
0,41850,2.583729,6.03504826e-06
0,41900,2.470480,6.02729844e-06
0,41950,2.449286,6.01954704e-06
0,42000,2.530086,6.01179407e-06
0,42050,3.029459,6.00403956e-06
0,42100,2.059013,5.99628354e-06
0,42150,2.636102,5.98852602e-06
0,42200,2.585804,5.98076704e-06
0,42250,2.500376,5.97300661e-06
0,42300,2.133284,5.96524475e-06
0,42350,2.622615,5.95748150e-06
0,42400,2.896470,5.94971687e-06
0,42450,2.549410,5.94195089e-06
0,42500,2.628017,5.93418358e-06
0,42550,2.486255,5.92641496e-06
0,42600,2.619533,5.91864506e-06
0,42650,2.620929,5.91087390e-06
0,42700,2.660622,5.90310150e-06
0,42750,2.578532,5.89532790e-06
0,42800,2.123333,5.88755310e-06
0,42850,2.361882,5.87977714e-06
0,42900,3.329334,5.87200003e-06
0,42950,2.459267,5.86422181e-06
0,43000,3.016466,5.85644249e-06
0,43050,2.554037,5.84866210e-06
0,43100,2.632645,5.84088066e-06
0,43150,2.061022,5.83309819e-06
0,43200,2.657542,5.82531473e-06
0,43250,2.565675,5.81753028e-06
0,43300,2.534015,5.80974488e-06
0,43350,2.359792,5.80195855e-06
0,43400,2.721247,5.79417131e-06
0,43450,2.307007,5.78638318e-06
0,43500,2.392550,5.77859420e-06
0,43550,2.654368,5.77080437e-06
0,43600,2.865209,5.76301373e-06
0,43650,2.162585,5.75522230e-06
0,43700,2.987005,5.74743010e-06
0,43750,2.491151,5.73963716e-06
0,43800,1.826007,5.73184350e-06
0,43850,2.546731,5.72404914e-06
0,43900,2.420963,5.71625410e-06
0,43950,2.806234,5.70845842e-06
0,44000,3.019275,5.70066211e-06
0,44050,2.647974,5.69286519e-06
0,44100,2.182368,5.68506770e-06
0,44150,2.629916,5.67726964e-06
0,44200,2.498510,5.66947106e-06
0,44250,2.670543,5.66167196e-06
0,44300,2.678123,5.65387238e-06
0,44350,2.590016,5.64607234e-06
0,44400,2.555753,5.63827185e-06
0,44450,2.688806,5.63047095e-06
0,44500,2.587633,5.62266966e-06
0,44550,2.127825,5.61486800e-06
0,44600,2.891564,5.60706600e-06
0,44650,2.400936,5.59926367e-06
0,44700,1.985024,5.59146104e-06
0,44750,2.484808,5.58365814e-06
0,44800,2.280706,5.57585499e-06
0,44850,2.257171,5.56805160e-06
0,44900,2.388420,5.56024802e-06
0,44950,2.025328,5.55244425e-06
0,45000,2.759181,5.54464032e-06
0,45050,2.731802,5.53683626e-06
0,45100,2.372676,5.52903209e-06
0,45150,2.166934,5.52122784e-06
0,45200,2.393577,5.51342351e-06
0,45250,2.568360,5.50561915e-06
0,45286,3.120184,5.50000000e-06
1,50,2.133407,5.49219562e-06
1,100,0.993458,5.48439127e-06
1,150,2.607774,5.47658696e-06
1,200,2.310072,5.46878273e-06
1,250,2.550112,5.46097859e-06
1,300,2.588710,5.45317456e-06
1,350,2.079807,5.44537068e-06
1,400,2.606515,5.43756696e-06
1,450,2.110078,5.42976343e-06
1,500,2.513042,5.42196011e-06
1,550,2.551766,5.41415702e-06
1,600,2.242184,5.40635419e-06
1,650,2.454066,5.39855165e-06
1,700,2.600335,5.39074941e-06
1,750,2.388927,5.38294750e-06
1,800,2.685165,5.37514594e-06
1,850,2.790582,5.36734475e-06
1,900,2.386349,5.35954397e-06
1,950,2.225673,5.35174360e-06
1,1000,2.922463,5.34394369e-06
1,1050,2.561400,5.33614424e-06
1,1100,2.412401,5.32834529e-06
1,1150,2.587663,5.32054685e-06
1,1200,2.276731,5.31274895e-06
1,1250,2.348910,5.30495161e-06
1,1300,2.657613,5.29715486e-06
1,1350,2.352073,5.28935873e-06
1,1400,1.921299,5.28156322e-06
1,1450,2.542876,5.27376837e-06
1,1500,2.538586,5.26597421e-06
1,1550,2.207920,5.25818074e-06
1,1600,2.448592,5.25038801e-06
1,1650,2.327262,5.24259602e-06
1,1700,2.368937,5.23480481e-06
1,1750,2.349003,5.22701440e-06
1,1800,2.461249,5.21922480e-06
1,1850,2.287956,5.21143606e-06
1,1900,2.383305,5.20364818e-06
1,1950,2.511290,5.19586119e-06
1,2000,2.730563,5.18807511e-06
1,2050,2.780326,5.18028998e-06
1,2100,2.568406,5.17250580e-06
1,2150,2.391285,5.16472261e-06
1,2200,2.325525,5.15694043e-06
1,2250,2.726360,5.14915928e-06
1,2300,2.521122,5.14137919e-06
1,2350,2.606497,5.13360018e-06
1,2400,2.345804,5.12582226e-06
1,2450,2.228031,5.11804548e-06
1,2500,2.647945,5.11026984e-06
1,2550,2.751640,5.10249537e-06
1,2600,2.108823,5.09472210e-06
0,100,2.053808,9.99984409e-06
0,100,2.057156,9.99984409e-06
0,100,2.037945,9.99984409e-06
0,200,2.039298,9.99937637e-06
0,200,2.218905,9.99937637e-06
0,200,1.941965,9.99937637e-06
0,300,1.838728,9.99859687e-06
0,300,2.087969,9.99859687e-06
0,300,2.086863,9.99859687e-06
0,400,1.895930,9.99750564e-06
0,400,1.980578,9.99750564e-06
0,400,1.965854,9.99750564e-06
0,500,1.987166,9.99610277e-06
0,500,1.853211,9.99610277e-06
0,500,2.056183,9.99610277e-06
0,600,1.819704,9.99438835e-06
0,600,1.908766,9.99438835e-06
0,600,1.761179,9.99438835e-06
0,700,1.962323,9.99236249e-06
0,700,1.866131,9.99236249e-06
0,700,1.729230,9.99236249e-06
0,800,2.073446,9.99002534e-06
0,800,1.874423,9.99002534e-06
0,800,2.089240,9.99002534e-06
0,900,1.812120,9.98737706e-06
0,900,1.984155,9.98737706e-06
0,900,1.945748,9.98737706e-06
0,1000,1.787095,9.98441784e-06
0,1000,1.900550,9.98441784e-06
0,1000,1.929016,9.98441784e-06
0,1100,1.758426,9.98114787e-06
0,1100,1.880652,9.98114787e-06
0,1100,1.924187,9.98114787e-06
0,1200,1.837189,9.97756739e-06
0,1200,1.922266,9.97756739e-06
0,1200,1.980543,9.97756739e-06
0,1300,1.969710,9.97367664e-06
0,1300,1.894076,9.97367664e-06
0,1300,1.804716,9.97367664e-06
0,1400,2.043494,9.96947589e-06
0,1400,1.870872,9.96947589e-06
0,1400,1.922026,9.96947589e-06
0,1500,2.004844,9.96496544e-06
0,1500,1.815696,9.96496544e-06
0,1500,1.836494,9.96496544e-06
0,1600,1.857471,9.96014559e-06
0,1600,1.996859,9.96014559e-06
0,1600,1.864741,9.96014559e-06
0,1700,1.507721,9.95501669e-06
0,1700,1.800198,9.95501669e-06
0,1700,1.808758,9.95501669e-06
0,1800,1.604327,9.94957908e-06
0,1800,1.722431,9.94957908e-06
0,1800,1.967197,9.94957908e-06
0,1900,1.783523,9.94383314e-06
0,1900,1.878416,9.94383314e-06
0,1900,1.953458,9.94383314e-06
0,2000,1.957367,9.93777927e-06
0,2000,1.873584,9.93777927e-06
0,2000,1.770316,9.93777927e-06
0,2100,1.707522,9.93141789e-06
0,2100,1.926691,9.93141789e-06
0,2100,1.835940,9.93141789e-06
0,2200,1.884429,9.92474945e-06
0,2200,1.800812,9.92474945e-06
0,2200,2.052933,9.92474945e-06
0,2300,1.866924,9.91777439e-06
0,2300,1.809319,9.91777439e-06
0,2300,2.109546,9.91777439e-06
0,2400,1.847780,9.91049321e-06
0,2400,1.749966,9.91049321e-06
0,2400,1.948083,9.91049321e-06
0,2500,1.821199,9.90290642e-06
0,2500,1.928571,9.90290642e-06
0,2500,1.780038,9.90290642e-06
0,2600,1.779965,9.89501453e-06
0,2600,1.973897,9.89501453e-06
0,2600,1.841344,9.89501453e-06
0,2700,2.057265,9.88681809e-06
0,2700,1.884011,9.88681809e-06
0,2700,1.725665,9.88681809e-06
0,2800,1.981292,9.87831767e-06
0,2800,1.924173,9.87831767e-06
0,2800,1.979183,9.87831767e-06
0,2900,1.890728,9.86951387e-06
0,2900,1.875178,9.86951387e-06
0,2900,1.835198,9.86951387e-06
0,3000,1.833147,9.86040728e-06
0,3000,1.753171,9.86040728e-06
0,3000,1.798126,9.86040728e-06
0,3100,1.894286,9.85099855e-06
0,3100,1.578937,9.85099855e-06
0,3100,1.695835,9.85099855e-06
0,3200,1.859145,9.84128832e-06
0,3200,1.860914,9.84128832e-06
0,3200,1.558722,9.84128832e-06
0,3300,1.915249,9.83127727e-06
0,3300,1.810398,9.83127727e-06
0,3300,1.630407,9.83127727e-06
0,3400,1.731854,9.82096608e-06
0,3400,1.830387,9.82096608e-06
0,3400,1.877249,9.82096608e-06
0,3500,1.894290,9.81035549e-06
0,3500,1.835267,9.81035549e-06
0,3500,1.936291,9.81035549e-06
0,3600,1.868263,9.79944621e-06
0,3600,1.777647,9.79944621e-06
0,3600,1.888373,9.79944621e-06
0,3700,1.822061,9.78823900e-06
0,3700,1.856492,9.78823900e-06
0,3700,1.760495,9.78823900e-06
0,3800,1.964252,9.77673465e-06
0,3800,1.748218,9.77673465e-06
0,3800,1.798487,9.77673465e-06
0,3900,1.651013,9.76493395e-06
0,3900,1.828347,9.76493395e-06
0,3900,1.992422,9.76493395e-06
0,4000,1.643167,9.75283771e-06
0,4000,1.644285,9.75283771e-06
0,4000,1.822295,9.75283771e-06
0,4100,1.650423,9.74044678e-06
0,4100,1.592505,9.74044678e-06
0,4100,1.801672,9.74044678e-06
0,4200,1.804897,9.72776202e-06
0,4200,1.937943,9.72776202e-06
0,4200,1.884772,9.72776202e-06
0,4300,1.867192,9.71478430e-06
0,4300,1.729352,9.71478430e-06
0,4300,1.977443,9.71478430e-06
0,4400,1.869741,9.70151452e-06
0,4400,2.137112,9.70151452e-06
0,4400,1.793057,9.70151452e-06
0,4500,1.982112,9.68795360e-06
0,4500,1.712171,9.68795360e-06
0,4500,1.787940,9.68795360e-06
0,4600,1.487090,9.67410248e-06
0,4600,1.966999,9.67410248e-06
0,4600,1.552527,9.67410248e-06
0,4700,1.828696,9.65996212e-06
0,4700,1.844708,9.65996212e-06
0,4700,1.786725,9.65996212e-06
0,4800,1.634139,9.64553351e-06
0,4800,1.595550,9.64553351e-06
0,4800,1.860336,9.64553351e-06
0,4900,1.615933,9.63081763e-06
0,4900,1.875968,9.63081763e-06
0,4900,1.837849,9.63081763e-06
0,5000,1.563155,9.61581552e-06
0,5000,1.675723,9.61581552e-06
0,5000,2.005906,9.61581552e-06
0,5100,1.926297,9.60052821e-06
0,5100,1.765444,9.60052821e-06
0,5100,1.909332,9.60052821e-06
0,5200,1.856392,9.58495675e-06
0,5200,1.542239,9.58495675e-06
0,5200,1.952339,9.58495675e-06
0,5300,1.908030,9.56910224e-06
0,5300,1.689478,9.56910224e-06
0,5300,1.806317,9.56910224e-06
0,5400,1.900429,9.55296576e-06
0,5400,1.608298,9.55296576e-06
0,5400,1.892944,9.55296576e-06
0,5500,1.689146,9.53654843e-06
0,5500,2.004706,9.53654843e-06
0,5500,1.734274,9.53654843e-06
0,5600,1.755868,9.51985140e-06
0,5600,1.809646,9.51985140e-06
0,5600,1.757264,9.51985140e-06
0,5700,1.734214,9.50287582e-06
0,5700,1.852221,9.50287582e-06
0,5700,1.859477,9.50287582e-06
0,5800,1.728645,9.48562287e-06
0,5800,1.802109,9.48562287e-06
0,5800,1.679271,9.48562287e-06
0,5900,1.649128,9.46809374e-06
0,5900,1.852486,9.46809374e-06
0,5900,1.628538,9.46809374e-06
0,6000,1.840248,9.45028964e-06
0,6000,1.903903,9.45028964e-06
0,6000,1.775182,9.45028964e-06
0,6100,1.701557,9.43221181e-06
0,6100,1.755704,9.43221181e-06
0,6100,1.726341,9.43221181e-06
0,6200,1.738882,9.41386151e-06
0,6200,1.737221,9.41386151e-06
0,6200,1.693604,9.41386151e-06
0,6300,1.602023,9.39524000e-06
0,6300,1.877701,9.39524000e-06
0,6300,1.842063,9.39524000e-06
0,6400,1.736740,9.37634857e-06
0,6400,1.736163,9.37634857e-06
0,6400,1.845786,9.37634857e-06
0,6500,1.842066,9.35718854e-06
0,6500,1.828557,9.35718854e-06
0,6500,1.859108,9.35718854e-06
0,6600,1.904546,9.33776123e-06
0,6600,1.638017,9.33776123e-06
0,6600,1.774016,9.33776123e-06
0,6700,1.803082,9.31806799e-06
0,6700,1.829800,9.31806799e-06
0,6700,1.789981,9.31806799e-06
0,6800,1.803209,9.29811018e-06
0,6800,1.636300,9.29811018e-06
0,6800,1.723473,9.29811018e-06
0,6900,1.741805,9.27788918e-06
0,6900,1.954147,9.27788918e-06
0,6900,1.911768,9.27788918e-06
0,7000,1.569277,9.25740640e-06
0,7000,1.711455,9.25740640e-06
0,7000,1.819064,9.25740640e-06
0,7100,1.625672,9.23666326e-06
0,7100,1.709185,9.23666326e-06
0,7100,1.828410,9.23666326e-06
0,7200,1.678446,9.21566119e-06
0,7200,1.763591,9.21566119e-06
0,7200,2.056073,9.21566119e-06
0,7300,2.061392,9.19440165e-06
0,7300,1.877083,9.19440165e-06
0,7300,1.791819,9.19440165e-06
0,7400,1.703384,9.17288611e-06
0,7400,1.826499,9.17288611e-06
0,7400,1.709863,9.17288611e-06
0,7500,1.800398,9.15111606e-06
0,7500,1.790254,9.15111606e-06
0,7500,1.719870,9.15111606e-06
0,7600,1.651686,9.12909301e-06
0,7600,1.701249,9.12909301e-06
0,7600,1.805228,9.12909301e-06
0,7700,1.926314,9.10681849e-06
0,7700,1.900332,9.10681849e-06
0,7700,1.712207,9.10681849e-06
0,7800,1.562823,9.08429404e-06
0,7800,1.756273,9.08429404e-06
0,7800,1.785885,9.08429404e-06
0,7900,1.966859,9.06152122e-06
0,7900,1.694465,9.06152122e-06
0,7900,1.714010,9.06152122e-06
0,8000,1.680206,9.03850161e-06
0,8000,1.657100,9.03850161e-06
0,8000,1.856885,9.03850161e-06
0,8100,1.641530,9.01523680e-06
0,8100,1.745702,9.01523680e-06
0,8100,1.793448,9.01523680e-06
0,8200,1.895337,8.99172841e-06
0,8200,1.725139,8.99172841e-06
0,8200,2.046578,8.99172841e-06
0,8300,1.671254,8.96797807e-06
0,8300,1.644687,8.96797807e-06
0,8300,1.748185,8.96797807e-06
0,8400,1.791606,8.94398742e-06
0,8400,1.931202,8.94398742e-06
0,8400,1.774148,8.94398742e-06
0,8500,1.950305,8.91975812e-06
0,8500,1.679364,8.91975812e-06
0,8500,1.904106,8.91975812e-06
0,8600,1.738682,8.89529185e-06
0,8600,1.930507,8.89529185e-06
0,8600,1.678903,8.89529185e-06
0,8700,2.026516,8.87059031e-06
0,8700,1.652020,8.87059031e-06
0,8700,1.564744,8.87059031e-06
0,8800,1.832432,8.84565521e-06
0,8800,1.669064,8.84565521e-06
0,8800,1.746433,8.84565521e-06
0,8900,1.849385,8.82048828e-06
0,8900,1.986249,8.82048828e-06
0,8900,1.773795,8.82048828e-06
0,9000,1.644553,8.79509126e-06
0,9000,1.644668,8.79509126e-06
0,9000,1.798034,8.79509126e-06
0,9100,1.675437,8.76946591e-06
0,9100,1.769786,8.76946591e-06
0,9100,1.936841,8.76946591e-06
0,9200,1.678056,8.74361400e-06
0,9200,1.684958,8.74361400e-06
0,9200,1.819330,8.74361400e-06
0,9300,2.006035,8.71753734e-06
0,9300,1.796709,8.71753734e-06
0,9300,1.812059,8.71753734e-06
0,9400,1.633314,8.69123772e-06
0,9400,1.940425,8.69123772e-06
0,9400,1.847010,8.69123772e-06
0,9500,1.696370,8.66471697e-06
0,9500,1.653291,8.66471697e-06
0,9500,1.691100,8.66471697e-06
0,9600,1.777949,8.63797692e-06
0,9600,1.891411,8.63797692e-06
0,9600,1.806688,8.63797692e-06
0,9700,1.714339,8.61101943e-06
0,9700,1.604189,8.61101943e-06
0,9700,1.526286,8.61101943e-06
0,9800,1.835776,8.58384637e-06
0,9800,1.797128,8.58384637e-06
0,9800,1.846003,8.58384637e-06
0,9900,1.703464,8.55645961e-06
0,9900,1.658608,8.55645961e-06
0,9900,1.904984,8.55645961e-06
0,10000,1.568597,8.52886107e-06
0,10000,1.594197,8.52886107e-06
0,10000,1.779652,8.52886107e-06
0,10100,1.590111,8.50105264e-06
0,10100,1.697600,8.50105264e-06
0,10100,1.798763,8.50105264e-06
0,10200,1.740466,8.47303626e-06
0,10200,1.649475,8.47303626e-06
0,10200,1.819865,8.47303626e-06
0,10300,1.830531,8.44481386e-06
0,10300,1.809536,8.44481386e-06
0,10300,1.630916,8.44481386e-06
0,10400,1.695246,8.41638741e-06
0,10400,1.758231,8.41638741e-06
0,10400,1.776653,8.41638741e-06
0,10500,1.979276,8.38775887e-06
0,10500,1.825241,8.38775887e-06
0,10500,1.681019,8.38775887e-06
0,10600,1.850123,8.35893023e-06
0,10600,1.830341,8.35893023e-06
0,10600,1.898206,8.35893023e-06
0,10700,1.743790,8.32990348e-06
0,10700,1.536944,8.32990348e-06
0,10700,1.738290,8.32990348e-06
0,10800,1.668644,8.30068064e-06
0,10800,1.762749,8.30068064e-06
0,10800,1.635168,8.30068064e-06
0,10900,1.715494,8.27126373e-06
0,10900,1.653114,8.27126373e-06
0,10900,1.572201,8.27126373e-06
0,11000,1.584920,8.24165479e-06
0,11000,1.592966,8.24165479e-06
0,11000,1.772383,8.24165479e-06
0,11100,1.862723,8.21185586e-06
0,11100,1.664517,8.21185586e-06
0,11100,1.868320,8.21185586e-06
0,11200,1.562808,8.18186903e-06
0,11200,1.595290,8.18186903e-06
0,11200,1.776127,8.18186903e-06
0,11300,1.619691,8.15169636e-06
0,11300,1.917883,8.15169636e-06
0,11300,1.709345,8.15169636e-06
0,11400,1.575100,8.12133994e-06
0,11400,1.940644,8.12133994e-06
0,11400,1.622123,8.12133994e-06
0,11500,1.669995,8.09080188e-06
0,11500,1.633342,8.09080188e-06
0,11500,1.773064,8.09080188e-06
0,11600,1.618061,8.06008429e-06
0,11600,1.844911,8.06008429e-06
0,11600,1.830947,8.06008429e-06
0,11700,1.777098,8.02918931e-06
0,11700,1.778170,8.02918931e-06
0,11700,1.879634,8.02918931e-06
0,11800,1.550745,7.99811906e-06
0,11800,1.516329,7.99811906e-06
0,11800,1.644362,7.99811906e-06
0,11900,1.929871,7.96687572e-06
0,11900,1.664313,7.96687572e-06
0,11900,1.561823,7.96687572e-06
0,12000,1.816272,7.93546144e-06
0,12000,1.839945,7.93546144e-06
0,12000,1.806866,7.93546144e-06
0,12100,1.683811,7.90387839e-06
0,12100,1.605812,7.90387839e-06
0,12100,1.725787,7.90387839e-06
0,12200,1.667637,7.87212877e-06
0,12200,1.621644,7.87212877e-06
0,12200,1.688521,7.87212877e-06
0,12300,1.674587,7.84021478e-06
0,12300,1.712070,7.84021478e-06
0,12300,1.754876,7.84021478e-06
0,12400,1.759650,7.80813862e-06
0,12400,1.818842,7.80813862e-06
0,12400,1.621272,7.80813862e-06
0,12500,1.567865,7.77590253e-06
0,12500,1.675642,7.77590253e-06
0,12500,2.002776,7.77590253e-06
0,12600,1.806070,7.74350873e-06
0,12600,1.696828,7.74350873e-06
0,12600,1.995056,7.74350873e-06
0,12700,1.965408,7.71095947e-06
0,12700,1.517845,7.71095947e-06
0,12700,1.774582,7.71095947e-06
0,12800,1.893325,7.67825700e-06
0,12800,1.835142,7.67825700e-06
0,12800,1.563287,7.67825700e-06
0,12900,1.917769,7.64540360e-06
0,12900,1.750619,7.64540360e-06
0,12900,1.747593,7.64540360e-06
0,13000,1.638330,7.61240153e-06
0,13000,1.487189,7.61240153e-06
0,13000,1.782090,7.61240153e-06
0,13100,1.666553,7.57925309e-06
0,13100,1.452472,7.57925309e-06
0,13100,1.585703,7.57925309e-06
0,13200,1.861427,7.54596056e-06
0,13200,1.852743,7.54596056e-06
0,13200,1.893598,7.54596056e-06
0,13300,1.780590,7.51252627e-06
0,13300,1.600771,7.51252627e-06
0,13300,1.788520,7.51252627e-06
0,13400,1.742997,7.47895252e-06
0,13400,1.861811,7.47895252e-06
0,13400,1.630180,7.47895252e-06
0,13500,1.650494,7.44524164e-06
0,13500,1.806316,7.44524164e-06
0,13500,1.688825,7.44524164e-06
0,13600,1.767285,7.41139597e-06
0,13600,1.841611,7.41139597e-06
0,13600,1.643049,7.41139597e-06
0,13700,1.910102,7.37741785e-06
0,13700,1.617652,7.37741785e-06
0,13700,1.573265,7.37741785e-06
0,13800,1.690683,7.34330963e-06
0,13800,1.636967,7.34330963e-06
0,13800,1.705148,7.34330963e-06
0,13900,1.635327,7.30907369e-06
0,13900,1.775377,7.30907369e-06
0,13900,1.696838,7.30907369e-06
0,14000,1.771059,7.27471239e-06
0,14000,1.652467,7.27471239e-06
0,14000,1.642424,7.27471239e-06
0,14100,1.680582,7.24022811e-06
0,14100,1.661941,7.24022811e-06
0,14100,1.577696,7.24022811e-06
0,14200,1.590150,7.20562325e-06
0,14200,1.458518,7.20562325e-06
0,14200,1.765311,7.20562325e-06
0,14300,1.686371,7.17090020e-06
0,14300,1.606532,7.17090020e-06
0,14300,1.579687,7.17090020e-06
0,14400,1.714608,7.13606137e-06
0,14400,1.427027,7.13606137e-06
0,14400,1.840972,7.13606137e-06
0,14500,1.634631,7.10110916e-06
0,14500,1.918276,7.10110916e-06
0,14500,1.577291,7.10110916e-06
0,14600,1.752102,7.06604601e-06
0,14600,1.790473,7.06604601e-06
0,14600,1.887973,7.06604601e-06
0,14700,1.459281,7.03087434e-06
0,14700,1.974076,7.03087434e-06
0,14700,1.697437,7.03087434e-06
0,14800,1.681066,6.99559660e-06
0,14800,1.502147,6.99559660e-06
0,14800,1.772513,6.99559660e-06
0,14900,1.619943,6.96021522e-06
0,14900,1.425839,6.96021522e-06
0,14900,1.948655,6.96021522e-06
0,15000,1.625779,6.92473265e-06
0,15000,1.741678,6.92473265e-06
0,15000,1.880821,6.92473265e-06
0,15100,1.749279,6.88915136e-06
0,15100,1.826845,6.88915136e-06
0,15100,1.473757,6.88915136e-06
0,15200,1.699892,6.85347381e-06
0,15200,1.539478,6.85347381e-06
0,15200,1.627028,6.85347381e-06
0,15300,1.780382,6.81770247e-06
0,15300,1.656711,6.81770247e-06
0,15300,1.681410,6.81770247e-06
0,15400,1.753581,6.78183982e-06
0,15400,1.627988,6.78183982e-06
0,15400,1.746087,6.78183982e-06
0,15500,1.809659,6.74588836e-06
0,15500,1.796732,6.74588836e-06
0,15500,1.528789,6.74588836e-06
0,15600,1.753342,6.70985055e-06
0,15600,1.589448,6.70985055e-06
0,15600,1.492051,6.70985055e-06
0,15700,1.524621,6.67372892e-06
0,15700,1.456708,6.67372892e-06
0,15700,1.708275,6.67372892e-06
0,15800,1.772763,6.63752595e-06
0,15800,1.822644,6.63752595e-06
0,15800,1.636101,6.63752595e-06
0,15900,1.607662,6.60124416e-06
0,15900,1.759525,6.60124416e-06
0,15900,1.613314,6.60124416e-06
0,16000,1.767019,6.56488606e-06
0,16000,1.943542,6.56488606e-06
0,16000,1.686877,6.56488606e-06
0,16100,1.584891,6.52845417e-06
0,16100,1.708718,6.52845417e-06
0,16100,1.703597,6.52845417e-06
0,16200,1.804496,6.49195101e-06
0,16200,1.729505,6.49195101e-06
0,16200,1.848853,6.49195101e-06
0,16300,1.747144,6.45537912e-06
0,16300,1.612432,6.45537912e-06
0,16300,1.635631,6.45537912e-06
0,16400,1.774592,6.41874103e-06
0,16400,1.767922,6.41874103e-06
0,16400,1.597357,6.41874103e-06
0,16500,1.716192,6.38203927e-06
0,16500,1.703920,6.38203927e-06
0,16500,1.513856,6.38203927e-06
0,16600,1.712399,6.34527639e-06
0,16600,1.746728,6.34527639e-06
0,16600,1.529627,6.34527639e-06
0,16700,1.710229,6.30845494e-06
0,16700,1.528399,6.30845494e-06
0,16700,1.708765,6.30845494e-06
0,16800,1.634238,6.27157747e-06
0,16800,1.483117,6.27157747e-06
0,16800,1.779555,6.27157747e-06
0,16900,1.492232,6.23464654e-06
0,16900,1.409881,6.23464654e-06
0,16900,1.790135,6.23464654e-06
0,17000,1.684764,6.19766470e-06
0,17000,1.442648,6.19766470e-06
0,17000,1.821329,6.19766470e-06
0,17100,1.692936,6.16063451e-06
0,17100,1.601120,6.16063451e-06
0,17100,1.642881,6.16063451e-06
0,17200,1.480974,6.12355855e-06
0,17200,1.636288,6.12355855e-06
0,17200,1.728011,6.12355855e-06
0,17300,1.536377,6.08643938e-06
0,17300,1.694482,6.08643938e-06
0,17300,1.882413,6.08643938e-06
0,17400,1.553941,6.04927957e-06
0,17400,1.557078,6.04927957e-06
0,17400,1.662370,6.04927957e-06
0,17500,1.753158,6.01208170e-06
0,17500,1.698472,6.01208170e-06
0,17500,1.470206,6.01208170e-06
0,17600,1.569219,5.97484835e-06
0,17600,1.876145,5.97484835e-06
0,17600,1.809881,5.97484835e-06
0,17700,1.857554,5.93758209e-06
0,17700,1.645319,5.93758209e-06
0,17700,1.607662,5.93758209e-06
0,17800,1.676581,5.90028551e-06
0,17800,1.763798,5.90028551e-06
0,17800,1.866536,5.90028551e-06
0,17900,1.659453,5.86296120e-06
0,17900,1.873925,5.86296120e-06
0,17900,1.780806,5.86296120e-06
0,18000,1.835504,5.82561173e-06
0,18000,1.592707,5.82561173e-06
0,18000,1.750924,5.82561173e-06
0,18100,1.515284,5.78823970e-06
0,18100,1.655236,5.78823970e-06
0,18100,1.707168,5.78823970e-06
0,18200,1.682834,5.75084770e-06
0,18200,1.603679,5.75084770e-06
0,18200,1.579605,5.75084770e-06
0,18300,1.485372,5.71343831e-06
0,18300,1.782158,5.71343831e-06
0,18300,1.704478,5.71343831e-06
0,18400,1.870860,5.67601414e-06
0,18400,1.493562,5.67601414e-06
0,18400,1.690257,5.67601414e-06
0,18500,1.765425,5.63857776e-06
0,18500,1.684450,5.63857776e-06
0,18500,1.709202,5.63857776e-06
0,18600,1.673910,5.60113179e-06
0,18600,1.803377,5.60113179e-06
0,18600,1.655830,5.60113179e-06
0,18700,1.838089,5.56367881e-06
0,18700,1.757154,5.56367881e-06
0,18700,1.756382,5.56367881e-06
0,18800,1.614347,5.52622141e-06
0,18800,1.564811,5.52622141e-06
0,18800,1.724162,5.52622141e-06
0,18870,1.574950,5.50000000e-06
0,18870,1.376030,5.50000000e-06
0,18870,1.182418,5.50000000e-06
1,100,1.811250,5.46254106e-06
1,100,1.915385,5.46254106e-06
1,100,1.629298,5.46254106e-06
1,200,1.645541,5.42508472e-06
1,200,1.631664,5.42508472e-06
1,200,1.642565,5.42508472e-06
1,300,1.813976,5.38763356e-06
1,300,1.580457,5.38763356e-06
1,300,1.631884,5.38763356e-06
1,400,1.902660,5.35019020e-06
1,400,1.695782,5.35019020e-06
1,400,1.616727,5.35019020e-06
1,500,1.732169,5.31275721e-06
1,500,1.565419,5.31275721e-06
1,500,1.597883,5.31275721e-06
1,600,1.596767,5.27533720e-06
1,600,1.612248,5.27533720e-06
1,600,1.665418,5.27533720e-06
1,700,1.602206,5.23793276e-06
1,700,1.894861,5.23793276e-06
1,700,1.663065,5.23793276e-06
1,800,1.752816,5.20054648e-06
1,800,1.732731,5.20054648e-06
1,800,1.571734,5.20054648e-06
1,900,1.675532,5.16318094e-06
1,900,1.704575,5.16318094e-06
1,900,1.675076,5.16318094e-06
1,1000,1.631439,5.12583875e-06
1,1000,1.499285,5.12583875e-06
1,1000,1.600017,5.12583875e-06
1,1100,1.798267,5.08852248e-06
1,1100,1.558016,5.08852248e-06
1,1100,1.703095,5.08852248e-06
1,1200,1.617278,5.05123473e-06
1,1200,1.780624,5.05123473e-06
1,1200,1.732656,5.05123473e-06
1,1300,1.467936,5.01397807e-06
1,1300,1.539415,5.01397807e-06
1,1300,1.643215,5.01397807e-06
1,1400,1.617538,4.97675509e-06
1,1400,1.633560,4.97675509e-06
1,1400,1.636885,4.97675509e-06
1,1500,1.564806,4.93956837e-06
1,1500,1.314375,4.93956837e-06
1,1500,1.450464,4.93956837e-06
1,1600,1.614430,4.90242048e-06
1,1600,1.618787,4.90242048e-06
1,1600,1.833493,4.90242048e-06
1,1700,1.559669,4.86531401e-06
1,1700,1.766560,4.86531401e-06
1,1700,1.584912,4.86531401e-06
1,1800,1.746001,4.82825151e-06
1,1800,1.509059,4.82825151e-06
1,1800,1.832698,4.82825151e-06
1,1900,1.620814,4.79123556e-06
1,1900,1.504768,4.79123556e-06
1,1900,1.644271,4.79123556e-06
1,2000,1.707149,4.75426872e-06
1,2000,1.753696,4.75426872e-06
1,2000,1.656542,4.75426872e-06
1,2100,1.564759,4.71735355e-06
1,2100,1.408011,4.71735355e-06
1,2100,1.855756,4.71735355e-06
1,2200,1.795404,4.68049262e-06
1,2200,1.748301,4.68049262e-06
1,2200,1.716439,4.68049262e-06
1,2300,1.683544,4.64368848e-06
1,2300,1.704898,4.64368848e-06
1,2300,1.775975,4.64368848e-06
1,2400,1.737628,4.60694367e-06
1,2400,1.567722,4.60694367e-06
1,2400,1.731965,4.60694367e-06
1,2500,1.667821,4.57026075e-06
1,2500,1.810192,4.57026075e-06
1,2500,1.594783,4.57026075e-06
1,2600,1.688883,4.53364225e-06
1,2600,1.589455,4.53364225e-06
1,2600,1.577215,4.53364225e-06
1,2700,1.849385,4.49709071e-06
1,2700,1.631570,4.49709071e-06
1,2700,1.718774,4.49709071e-06
1,2800,1.675854,4.46060867e-06
1,2800,1.587345,4.46060867e-06
1,2800,1.655695,4.46060867e-06
1,2900,1.708194,4.42419865e-06
1,2900,1.596511,4.42419865e-06
1,2900,1.820895,4.42419865e-06
1,3000,1.768568,4.38786318e-06
1,3000,1.569719,4.38786318e-06
1,3000,1.690416,4.38786318e-06
1,3100,1.445415,4.35160477e-06
1,3100,1.493465,4.35160477e-06
1,3100,1.765432,4.35160477e-06
1,3200,1.652308,4.31542594e-06
1,3200,1.717465,4.31542594e-06
1,3200,1.740548,4.31542594e-06
1,3300,1.924280,4.27932919e-06
1,3300,1.796918,4.27932919e-06
1,3300,1.659672,4.27932919e-06
1,3400,1.714529,4.24331703e-06
1,3400,1.698369,4.24331703e-06
1,3400,1.585230,4.24331703e-06
1,3500,1.844313,4.20739194e-06
1,3500,1.807332,4.20739194e-06
1,3500,1.758927,4.20739194e-06
1,3600,1.763872,4.17155643e-06
1,3600,1.588222,4.17155643e-06
1,3600,1.654887,4.17155643e-06
1,3700,1.773006,4.13581297e-06
1,3700,1.708495,4.13581297e-06
1,3700,1.680753,4.13581297e-06
1,3800,1.621465,4.10016403e-06
1,3800,1.514749,4.10016403e-06
1,3800,1.793569,4.10016403e-06
1,3900,1.541616,4.06461210e-06
1,3900,1.714538,4.06461210e-06
1,3900,1.618984,4.06461210e-06
1,4000,1.633601,4.02915963e-06
1,4000,1.748558,4.02915963e-06
1,4000,1.644168,4.02915963e-06
1,4100,1.770403,3.99380909e-06
1,4100,1.831755,3.99380909e-06
1,4100,1.706632,3.99380909e-06
1,4200,1.684462,3.95856291e-06
1,4200,1.813037,3.95856291e-06
1,4200,1.653196,3.95856291e-06
1,4300,1.700838,3.92342354e-06
1,4300,1.709184,3.92342354e-06
1,4300,1.940916,3.92342354e-06
1,4400,1.704413,3.88839342e-06
1,4400,1.422584,3.88839342e-06
1,4400,1.489973,3.88839342e-06
1,4500,1.526607,3.85347497e-06
1,4500,1.703495,3.85347497e-06
1,4500,1.653228,3.85347497e-06
1,4600,1.733218,3.81867062e-06
1,4600,1.703715,3.81867062e-06
1,4600,1.748986,3.81867062e-06
1,4700,1.707235,3.78398277e-06
1,4700,1.828401,3.78398277e-06
1,4700,1.831862,3.78398277e-06
1,4800,1.598950,3.74941383e-06
1,4800,1.701191,3.74941383e-06
1,4800,1.556157,3.74941383e-06
1,4900,1.657986,3.71496620e-06
1,4900,1.611942,3.71496620e-06
1,4900,1.850401,3.71496620e-06
1,5000,1.520625,3.68064226e-06
1,5000,1.668068,3.68064226e-06
1,5000,1.707200,3.68064226e-06
1,5100,1.907617,3.64644438e-06
1,5100,1.867063,3.64644438e-06
1,5100,1.487515,3.64644438e-06
1,5200,1.565286,3.61237495e-06
1,5200,1.912551,3.61237495e-06
1,5200,1.838086,3.61237495e-06
1,5300,1.795116,3.57843632e-06
1,5300,1.577285,3.57843632e-06
1,5300,1.666741,3.57843632e-06
1,5400,1.653660,3.54463084e-06
1,5400,1.627629,3.54463084e-06
1,5400,1.845266,3.54463084e-06
1,5500,1.742550,3.51096085e-06
1,5500,1.636693,3.51096085e-06
1,5500,1.680759,3.51096085e-06
1,5600,1.688246,3.47742869e-06
1,5600,1.684217,3.47742869e-06
1,5600,1.796245,3.47742869e-06
1,5700,1.637119,3.44403669e-06
1,5700,1.684715,3.44403669e-06
1,5700,1.726987,3.44403669e-06
1,5800,1.724434,3.41078715e-06
1,5800,1.703587,3.41078715e-06
1,5800,1.500008,3.41078715e-06
1,5900,1.580720,3.37768237e-06
1,5900,1.461371,3.37768237e-06
1,5900,1.754893,3.37768237e-06
1,6000,1.549963,3.34472467e-06
1,6000,1.503994,3.34472467e-06
1,6000,1.737037,3.34472467e-06
1,6100,1.406929,3.31191630e-06
1,6100,1.454708,3.31191630e-06
1,6100,1.694545,3.31191630e-06
1,6200,1.784117,3.27925956e-06
1,6200,1.657229,3.27925956e-06
1,6200,1.556779,3.27925956e-06
1,6300,1.730542,3.24675670e-06
1,6300,1.599113,3.24675670e-06
1,6300,1.500187,3.24675670e-06
1,6400,1.529494,3.21440998e-06
1,6400,1.790721,3.21440998e-06
1,6400,1.464001,3.21440998e-06
1,6500,1.544492,3.18222163e-06
1,6500,1.874468,3.18222163e-06
1,6500,1.370837,3.18222163e-06
1,6600,1.773984,3.15019390e-06
1,6600,1.493009,3.15019390e-06
1,6600,1.707844,3.15019390e-06
1,6700,1.574854,3.11832898e-06
1,6700,1.888060,3.11832898e-06
1,6700,1.666002,3.11832898e-06
1,6800,1.502855,3.08662911e-06
1,6800,1.599435,3.08662911e-06
1,6800,1.605449,3.08662911e-06
1,6900,1.866148,3.05509646e-06
1,6900,1.457023,3.05509646e-06
1,6900,1.693755,3.05509646e-06
1,7000,1.597605,3.02373323e-06
1,7000,1.776294,3.02373323e-06
1,7000,1.467170,3.02373323e-06
1,7100,1.720811,2.99254159e-06
1,7100,1.755884,2.99254159e-06
1,7100,1.438623,2.99254159e-06
1,7200,1.760881,2.96152370e-06
1,7200,1.679969,2.96152370e-06
1,7200,1.602232,2.96152370e-06
1,7300,1.800486,2.93068171e-06
1,7300,1.561472,2.93068171e-06
1,7300,1.709777,2.93068171e-06
1,7400,1.785600,2.90001776e-06
1,7400,1.782496,2.90001776e-06
1,7400,1.884667,2.90001776e-06
1,7500,1.902232,2.86953397e-06
1,7500,1.616996,2.86953397e-06
1,7500,1.671278,2.86953397e-06
1,7600,1.793858,2.83923245e-06
1,7600,1.448437,2.83923245e-06
1,7600,1.759863,2.83923245e-06
1,7700,1.519833,2.80911531e-06
1,7700,1.640574,2.80911531e-06
1,7700,1.534634,2.80911531e-06
1,7800,1.405349,2.77918463e-06
1,7800,1.444429,2.77918463e-06
1,7800,1.797212,2.77918463e-06
1,7900,1.476426,2.74944249e-06
1,7900,1.620916,2.74944249e-06
1,7900,1.586345,2.74944249e-06
1,8000,1.752156,2.71989094e-06
1,8000,1.637308,2.71989094e-06
1,8000,1.605593,2.71989094e-06
1,8100,1.750221,2.69053204e-06
1,8100,1.533981,2.69053204e-06
1,8100,1.628839,2.69053204e-06
1,8200,1.685721,2.66136781e-06
1,8200,1.702234,2.66136781e-06
1,8200,1.698624,2.66136781e-06
1,8300,1.584614,2.63240029e-06
1,8300,1.683560,2.63240029e-06
1,8300,1.591531,2.63240029e-06
1,8400,1.506837,2.60363147e-06
1,8400,1.655114,2.60363147e-06
1,8400,1.567161,2.60363147e-06
1,8500,1.952166,2.57506335e-06
1,8500,1.594902,2.57506335e-06
1,8500,1.840091,2.57506335e-06
1,8600,1.579055,2.54669791e-06
1,8600,1.541438,2.54669791e-06
1,8600,1.563331,2.54669791e-06
1,8700,1.880724,2.51853711e-06
1,8700,1.682864,2.51853711e-06
1,8700,1.871954,2.51853711e-06
1,8800,1.630207,2.49058291e-06
1,8800,1.502942,2.49058291e-06
1,8800,1.766627,2.49058291e-06
1,8900,1.639391,2.46283725e-06
1,8900,1.463666,2.46283725e-06
1,8900,1.563082,2.46283725e-06
1,9000,1.535570,2.43530204e-06
1,9000,1.590292,2.43530204e-06
1,9000,1.516454,2.43530204e-06
1,9100,1.478661,2.40797919e-06
1,9100,1.784449,2.40797919e-06
1,9100,1.811625,2.40797919e-06
1,9200,1.619673,2.38087060e-06
1,9200,1.573116,2.38087060e-06
1,9200,1.588503,2.38087060e-06
1,9300,1.612194,2.35397815e-06
1,9300,1.806790,2.35397815e-06
1,9300,1.737632,2.35397815e-06
1,9400,1.730917,2.32730370e-06
1,9400,1.713110,2.32730370e-06
1,9400,1.488359,2.32730370e-06
1,9500,1.691433,2.30084909e-06
1,9500,1.898321,2.30084909e-06
1,9500,1.863034,2.30084909e-06
1,9600,1.490127,2.27461617e-06
1,9600,1.820782,2.27461617e-06
1,9600,1.743288,2.27461617e-06
1,9700,1.740251,2.24860674e-06
1,9700,1.765018,2.24860674e-06
1,9700,1.394356,2.24860674e-06
1,9800,1.781711,2.22282262e-06
1,9800,1.593871,2.22282262e-06
1,9800,1.676734,2.22282262e-06
1,9900,1.585106,2.19726558e-06
1,9900,1.771545,2.19726558e-06
1,9900,1.894629,2.19726558e-06
1,10000,1.920205,2.17193740e-06
1,10000,1.860014,2.17193740e-06
1,10000,1.555139,2.17193740e-06
1,10100,1.723767,2.14683984e-06
1,10100,1.611947,2.14683984e-06
1,10100,1.699193,2.14683984e-06
1,10200,1.717808,2.12197463e-06
1,10200,1.563534,2.12197463e-06
1,10200,1.686395,2.12197463e-06
1,10300,1.507069,2.09734349e-06
1,10300,1.760664,2.09734349e-06
1,10300,1.814090,2.09734349e-06
1,10400,1.781579,2.07294814e-06
1,10400,1.794280,2.07294814e-06
1,10400,1.688490,2.07294814e-06
1,10500,1.623662,2.04879025e-06
1,10500,1.788169,2.04879025e-06
1,10500,1.607578,2.04879025e-06
1,10600,1.561667,2.02487152e-06
1,10600,1.417006,2.02487152e-06
1,10600,1.707650,2.02487152e-06
1,10700,1.648880,2.00119359e-06
1,10700,1.765740,2.00119359e-06
1,10700,1.604583,2.00119359e-06
1,10800,1.810802,1.97775811e-06
1,10800,1.712193,1.97775811e-06
1,10800,1.737270,1.97775811e-06
1,10900,1.705356,1.95456669e-06
1,10900,1.560901,1.95456669e-06
1,10900,1.721721,1.95456669e-06
1,11000,1.670163,1.93162095e-06
1,11000,1.447397,1.93162095e-06
1,11000,1.660385,1.93162095e-06
1,11100,1.629869,1.90892248e-06
1,11100,1.727208,1.90892248e-06
1,11100,1.334545,1.90892248e-06
1,11200,1.564450,1.88647284e-06
1,11200,1.781403,1.88647284e-06
1,11200,1.708379,1.88647284e-06
1,11300,1.921063,1.86427360e-06
1,11300,1.596887,1.86427360e-06
1,11300,1.692838,1.86427360e-06
1,11400,1.619509,1.84232629e-06
1,11400,1.741554,1.84232629e-06
1,11400,1.664943,1.84232629e-06
1,11500,1.724429,1.82063244e-06
1,11500,1.759983,1.82063244e-06
1,11500,1.650647,1.82063244e-06
1,11600,1.653191,1.79919354e-06
1,11600,1.677175,1.79919354e-06
1,11600,1.805538,1.79919354e-06
1,11700,1.640513,1.77801109e-06
1,11700,1.542960,1.77801109e-06
1,11700,1.450487,1.77801109e-06
1,11800,1.562681,1.75708654e-06
1,11800,1.410689,1.75708654e-06
1,11800,1.695181,1.75708654e-06
1,11900,1.749056,1.73642136e-06
1,11900,1.598347,1.73642136e-06
1,11900,1.707025,1.73642136e-06
1,12000,1.594031,1.71601697e-06
1,12000,1.705647,1.71601697e-06
1,12000,1.615985,1.71601697e-06
1,12100,1.674331,1.69587478e-06
1,12100,1.693817,1.69587478e-06
1,12100,1.897405,1.69587478e-06
1,12200,1.593695,1.67599620e-06
1,12200,1.607076,1.67599620e-06
1,12200,1.644632,1.67599620e-06
1,12300,1.525448,1.65638259e-06
1,12300,1.859714,1.65638259e-06
1,12300,1.614949,1.65638259e-06
1,12400,1.732478,1.63703532e-06
1,12400,1.544589,1.63703532e-06
1,12400,1.586291,1.63703532e-06
1,12500,1.556570,1.61795574e-06
1,12500,1.775829,1.61795574e-06
1,12500,1.732342,1.61795574e-06
1,12600,1.597981,1.59914515e-06
1,12600,1.767986,1.59914515e-06
1,12600,1.635135,1.59914515e-06
1,12700,1.485143,1.58060487e-06
1,12700,1.617222,1.58060487e-06
1,12700,1.685701,1.58060487e-06
1,12800,1.549589,1.56233617e-06
1,12800,1.831884,1.56233617e-06
1,12800,1.568467,1.56233617e-06
1,12900,1.672042,1.54434033e-06
1,12900,1.878970,1.54434033e-06
1,12900,1.752238,1.54434033e-06
1,13000,1.739377,1.52661860e-06
1,13000,1.737434,1.52661860e-06
1,13000,1.595797,1.52661860e-06
1,13100,1.726518,1.50917219e-06
1,13100,1.565882,1.50917219e-06
1,13100,1.854714,1.50917219e-06
1,13200,1.793935,1.49200232e-06
1,13200,1.803387,1.49200232e-06
1,13200,1.640563,1.49200232e-06
1,13300,1.549373,1.47511019e-06
1,13300,1.743191,1.47511019e-06
1,13300,1.590216,1.47511019e-06
1,13400,1.613685,1.45849695e-06
1,13400,1.775284,1.45849695e-06
1,13400,1.684226,1.45849695e-06
1,13500,1.745886,1.44216376e-06
1,13500,1.713789,1.44216376e-06
1,13500,1.649001,1.44216376e-06
1,13600,1.580568,1.42611175e-06
1,13600,1.585773,1.42611175e-06
1,13600,1.547121,1.42611175e-06
1,13700,1.675768,1.41034204e-06
1,13700,1.750547,1.41034204e-06
1,13700,1.637581,1.41034204e-06
1,13800,1.634469,1.39485572e-06
1,13800,1.774786,1.39485572e-06
1,13800,1.768705,1.39485572e-06
1,13900,1.622477,1.37965385e-06
1,13900,1.693975,1.37965385e-06
1,13900,1.753250,1.37965385e-06
1,14000,1.721676,1.36473750e-06
1,14000,1.688675,1.36473750e-06
1,14000,1.587828,1.36473750e-06
1,14100,1.539157,1.35010770e-06
1,14100,1.584558,1.35010770e-06
1,14100,1.874242,1.35010770e-06
1,14200,1.597631,1.33576546e-06
1,14200,1.671410,1.33576546e-06
1,14200,1.607331,1.33576546e-06
1,14300,1.469799,1.32171177e-06
1,14300,1.741917,1.32171177e-06
1,14300,1.771200,1.32171177e-06
1,14400,1.841764,1.30794761e-06
1,14400,1.574080,1.30794761e-06
1,14400,1.610047,1.30794761e-06
1,14500,1.506447,1.29447394e-06
1,14500,1.761109,1.29447394e-06
1,14500,1.704587,1.29447394e-06
1,14600,1.547404,1.28129168e-06
1,14600,1.685741,1.28129168e-06
1,14600,1.478323,1.28129168e-06
1,14700,1.767863,1.26840175e-06
1,14700,1.520039,1.26840175e-06
1,14700,1.628208,1.26840175e-06
1,14800,1.667575,1.25580504e-06
1,14800,1.625441,1.25580504e-06
1,14800,1.594477,1.25580504e-06
1,14900,1.903445,1.24350243e-06
1,14900,1.691165,1.24350243e-06
1,14900,1.624667,1.24350243e-06
1,15000,1.461700,1.23149477e-06
1,15000,1.748892,1.23149477e-06
1,15000,1.728064,1.23149477e-06
1,15100,1.788983,1.21978289e-06
1,15100,1.733324,1.21978289e-06
1,15100,1.749813,1.21978289e-06
1,15200,1.629594,1.20836760e-06
1,15200,1.635636,1.20836760e-06
1,15200,1.568423,1.20836760e-06
1,15300,1.590524,1.19724969e-06
1,15300,1.487137,1.19724969e-06
1,15300,1.559220,1.19724969e-06
1,15400,1.782635,1.18642994e-06
1,15400,1.858101,1.18642994e-06
1,15400,1.579319,1.18642994e-06
1,15500,1.672902,1.17590909e-06
1,15500,1.810169,1.17590909e-06
1,15500,1.617779,1.17590909e-06
1,15600,1.761791,1.16568787e-06
1,15600,1.872154,1.16568787e-06
1,15600,1.666266,1.16568787e-06
1,15700,1.801491,1.15576699e-06
1,15700,1.687640,1.15576699e-06
1,15700,1.928157,1.15576699e-06
1,15800,1.582899,1.14614714e-06
1,15800,1.585747,1.14614714e-06
1,15800,1.673857,1.14614714e-06
1,15900,1.455974,1.13682899e-06
1,15900,1.672093,1.13682899e-06
1,15900,1.747853,1.13682899e-06
1,16000,1.624056,1.12781317e-06
1,16000,1.824982,1.12781317e-06
1,16000,1.401388,1.12781317e-06
1,16100,1.612461,1.11910032e-06
1,16100,1.828460,1.11910032e-06
1,16100,1.726001,1.11910032e-06
1,16200,1.835050,1.11069103e-06
1,16200,1.813338,1.11069103e-06
1,16200,1.947352,1.11069103e-06
1,16300,1.707604,1.10258590e-06
1,16300,1.687023,1.10258590e-06
1,16300,1.787469,1.10258590e-06
1,16400,1.667683,1.09478548e-06
1,16400,1.743150,1.09478548e-06
1,16400,1.667896,1.09478548e-06
1,16500,1.538171,1.08729032e-06
1,16500,1.328805,1.08729032e-06
1,16500,1.500409,1.08729032e-06
1,16600,1.573465,1.08010093e-06
1,16600,1.633196,1.08010093e-06
1,16600,1.687879,1.08010093e-06
1,16700,1.571112,1.07321780e-06
1,16700,1.663008,1.07321780e-06
1,16700,1.614865,1.07321780e-06
1,16800,1.797278,1.06664143e-06
1,16800,1.668707,1.06664143e-06
1,16800,1.576023,1.06664143e-06
1,16900,1.668336,1.06037226e-06
1,16900,1.561290,1.06037226e-06
1,16900,1.677111,1.06037226e-06
1,17000,1.682974,1.05441073e-06
1,17000,1.575325,1.05441073e-06
1,17000,1.497722,1.05441073e-06
1,17100,1.621619,1.04875725e-06
1,17100,1.694386,1.04875725e-06
1,17100,1.586228,1.04875725e-06
1,17200,1.620376,1.04341221e-06
1,17200,1.391524,1.04341221e-06
1,17200,1.677533,1.04341221e-06
1,17300,1.641075,1.03837598e-06
1,17300,1.747807,1.03837598e-06
1,17300,1.879919,1.03837598e-06
1,17400,1.848433,1.03364892e-06
1,17400,1.434844,1.03364892e-06
1,17400,1.402520,1.03364892e-06
1,17500,1.604246,1.02923135e-06
1,17500,1.195772,1.02923135e-06
1,17500,1.610246,1.02923135e-06
1,17600,1.994551,1.02512357e-06
1,17600,1.741669,1.02512357e-06
1,17600,1.634698,1.02512357e-06
1,17700,1.599267,1.02132588e-06
1,17700,1.765223,1.02132588e-06
1,17700,1.567175,1.02132588e-06
1,17800,1.452754,1.01783852e-06
1,17800,1.503372,1.01783852e-06
1,17800,1.486583,1.01783852e-06
1,17900,1.802706,1.01466176e-06
1,17900,1.687274,1.01466176e-06
1,17900,1.605497,1.01466176e-06
1,18000,1.846834,1.01179579e-06
1,18000,1.601053,1.01179579e-06
1,18000,1.681677,1.01179579e-06
1,18100,1.858837,1.00924084e-06
1,18100,1.649240,1.00924084e-06
1,18100,1.584758,1.00924084e-06
1,18200,1.879198,1.00699706e-06
1,18200,1.765710,1.00699706e-06
1,18200,1.657558,1.00699706e-06
1,18300,1.622235,1.00506462e-06
1,18300,1.702936,1.00506462e-06
1,18300,1.682470,1.00506462e-06
1,18400,1.444241,1.00344365e-06
1,18400,1.546380,1.00344365e-06
1,18400,1.503725,1.00344365e-06
1,18500,1.798263,1.00213426e-06
1,18500,1.740167,1.00213426e-06
1,18500,1.635833,1.00213426e-06
1,18600,1.600330,1.00113655e-06
1,18600,1.759360,1.00113655e-06
1,18600,1.736418,1.00113655e-06
1,18700,1.584501,1.00045058e-06
1,18700,1.416751,1.00045058e-06
1,18700,1.492930,1.00045058e-06
1,18800,1.869142,1.00007640e-06
1,18800,1.724674,1.00007640e-06
1,18800,1.864559,1.00007640e-06
1,18870,0.936040,1.00000000e-06
1,18870,1.625544,1.00000000e-06
1,18870,1.632008,1.00000000e-06
